duns_name,duns_address,duns_phone,duns_type,company_status,email_success,time_email_requested,company_name_search_term,case_number,from_retry
LIVE NATION,"885 S Main St,Mansfield,MA 02048-3148",508 337-5969,Single Location,Active,True,2024-11-22T10:23:32.854347-05:00,Live Nation,01-RC-022162,False
BECKER BUILT LLC,"53 Highland Ln,West Springfield,MA 01089-4527",,Single Location,Active,True,2024-11-22T10:25:05.631300-05:00,Becker,01-RC-022281,False
BECKER ASSOCIATES,"203 Circuit Ave,West Springfield,MA 01089-4030",413 733-1975,Single Location,Active,True,2024-11-22T10:25:20.590102-05:00,Becker,01-RC-022281,False
BECKER ASSOCIATES,"719 Sumner Ave,Springfield,MA 01108-2438",413 734-9300,Single Location,Out Of Business,True,2024-11-22T10:25:35.523545-05:00,Becker,01-RC-022281,False
"TOWER HILL NURSING, L.L.C","1 Meadowbrook Way,Canton,MA 02021-2496",781 961-5600,Single Location,Out Of Business,True,2024-11-22T10:27:31.584727-05:00,Tower Hill Nursing,01-RC-022298,False
UMASS MEMORIAL MEDICAL CENTER,"26 General Ave,Shrewsbury,MA 01545-3129",508 826-1826,Single Location,Active,True,2025-01-22T10:27:58.515157-05:00,Memorial Medical,01-RC-022312,False
"EMCOR FACILITIES SERVICES OF NORTH AMERICA, INC.","306 Northern Ave Ste 5,Boston,MA 02210-2341",617 482-0100,Subsidiary,Active,True,2025-01-22T10:31:31.110800-05:00,emcor,01-RC-022360,False
"EMCOR GROUP, INC.","1 Courthouse Way Ste 1420,Boston,MA 02210-3003",,Single Location,Active,True,2025-01-22T10:31:46.300713-05:00,emcor,01-RC-022360,False
"EMCOR GROUP, INC.","10 Causeway St Rm 108,Boston,MA 02222-1084",,Single Location,Active,True,2025-01-22T10:32:01.528893-05:00,emcor,01-RC-022360,False
"EMCOR GROUP, INC.","73 Tremont St Ste 200,Boston,MA 02108-3901",,Single Location,Active,True,2025-01-22T10:32:16.786099-05:00,emcor,01-RC-022360,False
EMCOR GOVERNMENT SVCS,"90 Devonshire,Boston,MA 02109",617 330-1303,Single Location,Out Of Business,True,2025-01-22T10:32:31.968595-05:00,emcor,01-RC-022360,False
"ABM BUILDING SOLUTIONS, LLC","59 Innerbelt Rd Ste 2,Somerville,MA 02143-4413",781 935-4668,Single Location,Active,True,2025-01-22T10:49:50.497614-05:00,abm,01-RC-022373,False
"ABM JANITORIAL SERVICES, INC.","59 Innerbelt Rd,Somerville,MA 02143-4413",617 623-3800,Branch,Active,True,2025-01-22T10:50:05.704307-05:00,abm,01-RC-022373,False
ABM INDUSTRIES INCORPORATED,"59 Innerbelt Rd Ste 2,Somerville,MA 02143-4413",617 591-6600,Branch,Active,True,2025-01-22T10:50:20.847478-05:00,abm,01-RC-022373,False
ABM CONSTRUCTION INC,"16 Warren Ave Apt 3,Somerville,MA 02143-3000",,Single Location,Out Of Business,True,2025-01-22T10:50:36.011696-05:00,abm,01-RC-022373,False
APEX MEDICAL WELLNESS LLC,"111 Torrey St Ste 2,Brockton,MA 02301-4858",,Single Location,Active,True,2025-01-22T10:51:28.018800-05:00,apex,01-RC-022377,False
APEX PEST MANAGEMENT,"27 Rhonda Rd,Brockton,MA 02302-3424",508 857-7929,Single Location,Active,True,2025-01-22T10:51:43.171413-05:00,apex,01-RC-022377,False
APEX RESCUE GROUP LLC,"38 W Meadow Dr,Brockton,MA 02301-5745",,Single Location,Active,True,2025-01-22T10:51:58.361294-05:00,apex,01-RC-022377,False
APEX CONTRACTING,"273 Ash St,Brockton,MA 02301-4139",774 217-1973,Single Location,Active,True,2025-01-22T10:52:13.485868-05:00,apex,01-RC-022377,False
APEX XPRESS INC.,"560 Oak St,Brockton,MA 02301-1346",508 857-3170,Branch,Active,True,2025-01-22T10:52:28.623145-05:00,apex,01-RC-022377,False
APEX PUBLISHING CO INC,"47 W Elm St Ste 104,Brockton,MA 02301-4300",508 580-3943,Single Location,Out Of Business,True,2025-01-22T10:52:43.854904-05:00,apex,01-RC-022377,False
LANDMARK HEALTH SOLUTIONS LLC,"476 Varnum Ave,Lowell,MA 01854-2122",978 458-3388,Single Location,Out Of Business,True,2025-01-22T10:53:35.699550-05:00,fairhaven health,01-RC-022383,False
A&E REALTY GROUP LLC,"31 Meetinghouse Hill Rd,Sterling,MA 01564-2134",,Single Location,Active,True,2025-01-22T10:54:27.518012-05:00,a&e,01-RC-022384,False
"A&E DIST., LLC","13 Chocksett Rd,Sterling,MA 01564-2353",,Single Location,Active,True,2025-01-22T10:54:42.686460-05:00,a&e,01-RC-022384,False
ADVANCED ENERGY SYSTEMS INC,"110 Worcester Rd,Sterling Junction,MA 01564-1471",978 422-7114,Single Location,Out Of Business,True,2025-01-22T10:54:57.891601-05:00,a&e,01-RC-022384,False
"A & E DISTRIBUTORS, INC.","13 Chocksett Rd,Sterling,MA 01564-2353",978 422-2960,Single Location,Out Of Business,True,2025-01-22T10:55:13.041330-05:00,a&e,01-RC-022384,False
MICHAEL J & DIANA L CAREY,"3 Redemption Rock Trl,Sterling,MA 01564-2441",,Single Location,Out Of Business,True,2025-01-22T10:55:28.217867-05:00,a&e,01-RC-022384,False
"FIRST STUDENT, INC.","35 Railroad Ave,Merrimack,NH 03054-4121",603 424-7190,Single Location,Out Of Business,True,2025-01-22T10:58:39.887878-05:00,First Student,01-RC-022392,False
"SODEXO, INC.","100 Ochre Point Ave,Newport,RI 02840-4149",401 846-5475,Branch,Active,True,2025-01-22T11:09:54.767841-05:00,Sodexo,01-RC-022424,False
"SODEXO, INC.","15 Wickham Rd,Newport,RI 02840-4232",401 847-1170,Branch,Active,True,2025-01-22T11:10:09.990591-05:00,Sodexo,01-RC-022424,False
WINGATE MANAGEMENT,"655 Boston Post Rd,Sudbury,MA 01776-3343",978 261-5296,Single Location,Active,True,2025-01-22T11:15:58.803236-05:00,Wingate,01-RC-022445,False
WINGATE OF SUDBURY,"136 Boston Post Rd,Sudbury,MA 01776-2406",978 443-2722,Single Location,Out Of Business,True,2025-01-22T11:16:14.054365-05:00,Wingate,01-RC-022445,False
"KINDRED NURSING CENTERS EAST, L.L.C.","400 Bolton St,Marlborough,MA 01752-3912",508 481-6123,Branch,Active,True,2025-01-22T11:20:43.506956-05:00,Kindred Nursing,01-RC-022470,False
MIT/SODEXO WALKER DINING HALL,"142 Memorial Dr,Cambridge,MA 02142-1318",,Single Location,Active,True,2025-01-22T11:21:36.842583-05:00,Sodexo,01-RC-022471,False
SODEXO/HARVARD GRAD SCH OF DE,"1737 Cambridge St,Cambridge,MA 02138-3016",,Single Location,Active,True,2025-01-22T11:21:52.045746-05:00,Sodexo,01-RC-022471,False
"SODEXO OPERATIONS, LLC","125 Cambridgepark Dr,Cambridge,MA 02140-2329",617 497-4882,Branch,Active,True,2025-01-22T11:22:07.269871-05:00,Sodexo,01-RC-022471,False
"SODEXO, INC.","35 Landsdowne St,Cambridge,MA 02139-4232",617 551-8914,Branch,Active,True,2025-01-22T11:22:22.469923-05:00,Sodexo,01-RC-022471,False
"SODEXO OPERATIONS, LLC","70 Fawcett St,Cambridge,MA 02138-1110",617 873-3568,Branch,Active,True,2025-01-22T11:22:37.703109-05:00,Sodexo,01-RC-022471,False
"SODEXO, INC.","1 Rogers St,Cambridge,MA 02142-1209",617 693-5581,Branch,Active,True,2025-01-22T11:22:52.990599-05:00,Sodexo,01-RC-022471,False
L 3 VERTEK,"141 Shamrock Rd,South Burlington,VT 05403-5801",802 658-7823,Single Location,Active,True,2025-01-22T11:24:45.789604-05:00,L-3,01-RC-022480,False
MANAGED FOR GOOD L 3 C,"78 Central Ave,South Burlington,VT 05403-6944",,Single Location,Out Of Business,True,2025-01-22T11:25:00.977388-05:00,L-3,01-RC-022480,False
HOLY FAMILY HOSPITAL MENS GUILD,"70 East St,Methuen,MA 01844-4597",978 687-0151,Single Location,Active,True,2025-01-22T11:28:19.537987-05:00,Holy Family,01-RC-022490,False
HOLY FAMILY HOSPITAL EMPLOYEES FEDERAL CREDIT UNION,"70 East St,Methuen,MA 01844-4597",800 488-5959,Single Location,Active,True,2025-01-22T11:28:34.748581-05:00,Holy Family,01-RC-022490,False
HOLY FAMILY,"10 Park St,Methuen,MA 01844-3807",978 687-7714,Single Location,Active,True,2025-01-22T11:28:50.066629-05:00,Holy Family,01-RC-022490,False
"TAS-CSEMCB, INC.","70 East St,Methuen,MA 01844-4597",978 687-0151,Branch,Active,True,2025-01-22T11:29:05.276278-05:00,Holy Family,01-RC-022490,False
"TAS-CSEMCB, INC.","70 East St,Methuen,MA 01844-4597",978 687-0156,Branch,Active,True,2025-01-22T11:29:20.476991-05:00,Holy Family,01-RC-022490,False
ALIGN CREDIT UNION,"70 East St,Methuen,MA 01844-4597",978 683-9209,Branch,Active,True,2025-01-22T11:29:35.716831-05:00,Holy Family,01-RC-022490,False
"THE CENTER FOR BEHAVIORAL MEDICINE, P.C.","70 East St,Methuen,MA 01844-4597",978 688-0773,Branch,Active,True,2025-01-22T11:29:50.917268-05:00,Holy Family,01-RC-022490,False
"STEWARD HOLY FAMILY HOSPITAL, INC.","70 East St,Methuen,MA 01844-4597",978 687-0151,Single Location,Out Of Business,True,2025-01-22T11:30:06.144427-05:00,Holy Family,01-RC-022490,False
"TAS-CHFH, INC.","70 East St,Methuen,MA 01844-4597",978 687-0156,Single Location,Out Of Business,True,2025-01-22T11:30:21.373688-05:00,Holy Family,01-RC-022490,False
HOLY FAMILY HOSPITAL EMPLOYEES CREDIT UNION,"70 East St,Methuen,MA 01844-4597",,Single Location,Out Of Business,True,2025-01-22T11:30:36.594945-05:00,Holy Family,01-RC-022490,False
MEADOWVIEW CORP,"3 Bow St,North Reading,MA 01864-2500",978 664-3826,Single Location,Out Of Business,True,2025-01-22T11:32:28.766572-05:00,Meadowview,01-RC-022509,False
"FRASER ENGINEERING COMPANY, INC.","65 Court St,Newton,MA 02458-1262",617 332-3700,Headquarters,Active,True,2025-01-22T11:34:05.914679-05:00,Fraser Engineering,01-RC-022511,False
"IRON HORSE VENTURES, INC.","20 Center St,Northampton,MA 01060-3005",413 584-0610,Single Location,Active,True,2025-01-22T11:35:38.234348-05:00,Iron Horse Ventures,01-RC-022519,False
MOUNTAIN PARK,"Rte 5,Holyoke,MA 01040",413 534-5656,Single Location,Out Of Business,True,2025-01-22T11:36:49.323433-05:00,Mountain Park,01-RC-022521,False
BOSTON MEDICAL GROUP INC,"2100 Dorchester Ave,Boston,MA 02124-5615",617 296-4000,Subsidiary,Active,True,2025-01-22T11:38:00.050215-05:00,Carney Hospital,01-RC-022525,False
LADIES OF CHARITY,"2100 Dorchester Ave,Boston,MA 02124-5615",617 296-4000,Single Location,Active,True,2025-01-22T11:38:15.236491-05:00,Carney Hospital,01-RC-022525,False
"CARNEY HOSPITAL MEDICAL STAFF CHARITABLE FUND, INC.","745 River St,Boston,MA 02136-6441",617 364-2588,Branch,Active,True,2025-01-22T11:38:30.393073-05:00,Carney Hospital,01-RC-022525,False
THE CARNEY HOSPITAL INC,"230 Bowdoin St,Boston,MA 02122-1817",617 754-0100,Single Location,Out Of Business,True,2025-01-22T11:38:45.597816-05:00,Carney Hospital,01-RC-022525,False
THE CARNEY HOSPITAL INC,"990 Dorchester Ave,Boston,MA 02125-1314",617 282-3700,Single Location,Out Of Business,True,2025-01-22T11:39:00.774066-05:00,Carney Hospital,01-RC-022525,False
"SUNGLASS HUT TRADING, LLC","1185 Broadway,Saugus,MA 01906-4110",781 233-2941,Branch,Active,True,2025-01-22T11:40:37.507290-05:00,Macys,01-RC-022530,False
LIDS CORPORATION,"1185 Broadway Route 1,Saugus,MA 01906",,Branch,Active,True,2025-01-22T11:40:52.672108-05:00,Macys,01-RC-022530,False
"MACY'S RETAIL HOLDINGS, LLC","1185 Broadway,Saugus,MA 01906-4192",781 231-8400,Branch,Active,True,2025-01-22T11:41:07.791530-05:00,Macys,01-RC-022530,False
"NEW BEDFORD MANAGEMENT SYSTEMS, INC.","863 Hathaway Rd,New Bedford,MA 02740-1916",508 996-6763,Subsidiary,Active,True,2025-01-22T11:42:00.189819-05:00,Hathaway Manor,01-RC-022531,False
OFFICE COMCAST,"244 Huttleston Ave,Fairhaven,MA 02719-1959",774 202-1841,Single Location,Out Of Business,True,2025-01-22T11:48:23.716416-05:00,Comcast ,01-RC-068263,False
COMPASS REALTY GROUP,"651 Orchard St Ste 304,New Bedford,MA 02744-1007",508 990-7673,Single Location,Out Of Business,True,2025-01-22T11:49:34.542490-05:00,Compass Group,01-RC-068343,False
COMPASS REALTY GROUP INC,"572 Rockdale Ave,New Bedford,MA 02740-1467",,Single Location,Out Of Business,True,2025-01-22T11:49:49.792822-05:00,Compass Group,01-RC-068343,False
"COMPASS MORTGAGE GROUP, INC.","651 Orchard St Ste 304,New Bedford,MA 02744-1007",508 999-9901,Single Location,Out Of Business,True,2025-01-22T11:50:04.976181-05:00,Compass Group,01-RC-068343,False
BLUE HILL TREE REMOVAL,"130 Poskus St,Stoughton,MA 02072-2722",781 853-8334,Single Location,Active,True,2025-01-22T11:52:21.877817-05:00,Blue Hill,01-RC-069279,False
BLUE HILL FEDERAL CREDIT UNION,"601 Washington St,Stoughton,MA 02072-4209",508 603-6436,Single Location,Active,True,2025-01-22T11:52:37.130984-05:00,Blue Hill,01-RC-069279,False
BLUE HILL CRUISE NIGHTS,"60 Amherst Rd,Stoughton,MA 02072-1752",781 436-3355,Single Location,Active,True,2025-01-22T11:52:52.356469-05:00,Blue Hill,01-RC-069279,False
BLUE HILL PRESS INC,"64 Pinetree Rd,Stoughton,MA 02072-3964",,Single Location,Out Of Business,True,2025-01-22T11:53:07.532009-05:00,Blue Hill,01-RC-069279,False
ALLIED WASTE SERVICES OF MASSACHUSETTS LLC,"1080 Airport Rd,Fall River,MA 02720-4736",508 676-1091,Branch,Active,True,2025-01-22T11:58:05.739852-05:00,Allied Waste,01-RC-078935,False
"REPUBLIC SERVICES, INC.","1080 Airport Rd,Fall River,MA 02720-4736",508 398-6002,Branch,Active,True,2025-01-22T11:58:20.906885-05:00,Allied Waste,01-RC-078935,False
"LUCINI BUS LINES, INC.","370 S Main St,West Bridgewater,MA 02379-1793",508 584-3181,Single Location,Active,True,2025-01-22T11:59:53.563696-05:00,lucini bus,01-RC-080579,False
THE KIND GRIND INCORPORATED,"178 N Pleasant St,Amherst,MA 01002-1978",413 367-2478,Single Location,Active,True,2025-01-22T12:00:45.788924-05:00,Kind grind,01-RC-080815,False
BANNISTER OPERATIONS ASSOCIATES LLC,"135 Dodge St,Providence,RI 02907-2210",401 521-9600,Single Location,Active,True,2025-01-22T12:01:38.541468-05:00,Bannister ,01-RC-081292,False
BANNISTER NURSING CARE CENTER INC,"135 Dodge St,Providence,RI 02907-2269",401 521-9600,Single Location,Active,True,2025-01-22T12:01:53.728495-05:00,Bannister ,01-RC-081292,False
THE EDWARD MITCHELL BANNISTER SOCIETY,"77 Williams St,Providence,RI 02906-1051",,Single Location,Out Of Business,True,2025-01-22T12:02:08.881890-05:00,Bannister ,01-RC-081292,False
MARY S BANNISTER FUND,",Providence,RI 02901",,Single Location,Out Of Business,False,,Bannister ,01-RC-081292,False
"LIFESPAN OF MASSACHUSETTS - TAUNTON, INC.","88 Washington St,Taunton,MA 02780-2465",508 828-7000,Subsidiary,Active,True,2025-01-22T12:06:19.873310-05:00,Morton,01-RC-090552,False
MORTON SURGICAL PC,"72 Washington St Ste 2700,Taunton,MA 02780-2498",508 823-1101,Single Location,Active,True,2025-01-22T12:06:35.065990-05:00,Morton,01-RC-090552,False
MORTON PHYSICIAN ASSOCIATES INC,"2007 Bay St Ste 102,Taunton,MA 02780-1086",508 824-1280,Single Location,Active,True,2025-01-22T12:06:50.269922-05:00,Morton,01-RC-090552,False
MORTON HOME CARE,"88 Washington St,Taunton,MA 02780-2465",508 828-7800,Single Location,Active,True,2025-01-22T12:07:05.485831-05:00,Morton,01-RC-090552,False
MORTON HOSPITAL SLEEP CENTER,"91 Washington St Unit 203,Taunton,MA 02780-7404",508 880-0713,Single Location,Active,True,2025-01-22T12:07:20.760969-05:00,Morton,01-RC-090552,False
MORTON FEDERAL CREDIT UNION,"88 Washington St,Taunton,MA 02780-2465",508 828-7036,Single Location,Active,True,2025-01-22T12:07:36.035299-05:00,Morton,01-RC-090552,False
MORTON EMERGENCY ASSOCIATES PC,"88 Washington St,Taunton,MA 02780-2465",508 828-7108,Single Location,Active,True,2025-01-22T12:07:51.276756-05:00,Morton,01-RC-090552,False
MORTON R,"106 Oak St,Taunton,MA 02780-7901",508 823-7328,Single Location,Active,True,2025-01-22T12:08:06.512388-05:00,Morton,01-RC-090552,False
MORTON PHYSCIANS ASSOCIATES REFERRAL INCORPORATED,"1 Washington St,Taunton,MA 02780-3960",508 823-9921,Single Location,Active,True,2025-01-22T12:08:21.708570-05:00,Morton,01-RC-090552,False
"MORTON CARDIOLOGY, LLC","72 Washington St,Taunton,MA 02780-2491",,Single Location,Active,True,2025-01-22T12:08:36.969322-05:00,Morton,01-RC-090552,False
WINGATE HEALTH CARE INC,"100 North Beacon St,Allston,MA 02134-1928",,Single Location,Active,True,2025-01-22T12:09:29.945566-05:00,Wingate,01-RC-090862,False
CONTINENTAL WINGATE CO,"209 Kelton St,Allston,MA 02134-4318",617 277-4709,Single Location,Out Of Business,True,2025-01-22T12:09:45.134765-05:00,Wingate,01-RC-090862,False
"NASHUA REDIMIX CONCRETE, INC","16 Commercial St,Manchester,NH 03101-1100",603 882-9414,Single Location,Out Of Business,True,2025-01-22T12:10:37.738165-05:00,Redimix,01-RC-091771,False
MANCHESTER REDIMIX CONCRETE,"1 Sundial Ave Ste 310,Manchester,NH 03103-7299",603 623-4373,Single Location,Out Of Business,True,2025-01-22T12:10:52.963094-05:00,Redimix,01-RC-091771,False
EZ-RYDER CORP.,"114 Macarthur Dr,New Bedford,MA 02740-7279",,Single Location,Active,True,2025-01-22T12:11:45.491292-05:00,Ryder,01-RC-093313,False
"RYDER TRUCK RENTAL, INC.","730 Acushnet Ave,New Bedford,MA 02740-7305",508 997-4228,Branch,Active,True,2025-01-22T12:12:00.686163-05:00,Ryder,01-RC-093313,False
RYDER TRUCK RENTAL INC,"3131 Acushnet Ave,New Bedford,MA 02745-3610",508 998-9866,Single Location,Out Of Business,True,2025-01-22T12:12:15.911045-05:00,Ryder,01-RC-093313,False
RYDER TRUCK,"3131 Acushnet Ave,New Bedford,MA 02745-3610",508 998-6923,Single Location,Out Of Business,True,2025-01-22T12:12:31.189913-05:00,Ryder,01-RC-093313,False
RYDER TRUCK RENTAL-ONE-WAY INC,"103 N Front St,New Bedford,MA 02740-7329",508 997-1155,Single Location,Out Of Business,True,2025-01-22T12:12:46.338172-05:00,Ryder,01-RC-093313,False
"OVERLOOK MASONIC HEALTH CENTER, INC.","88 Masonic Home Rd,Charlton,MA 01507-1394",866 753-5429,Single Location,Active,True,2025-01-22T12:14:11.090210-05:00,Overlook masonic,01-RC-096636,False
"BEACON SALES ACQUISITION, INC.","1 Lakeland Park Dr,Peabody,MA 01960-3835",877 612-7663,Branch,Active,True,2025-01-22T12:16:19.910660-05:00,Beacon Sales,01-RC-098033,False
STATE THEATRE BUILDING,"142 High St Ste 510,Portland,ME 04101-2840",207 956-6001,Single Location,Active,True,2025-01-22T12:17:12.219513-05:00,State Theatre,01-RC-098036,False
ASSOCIATED THEATRE MANAGEMENT,"609 Congress St,Portland,ME 04101-3301",207 773-1714,Single Location,Out Of Business,True,2025-01-22T12:17:27.402712-05:00,State Theatre,01-RC-098036,False
STATE THEATRE,"609 Congress St,Portland,ME 04101-3301",207 773-5540,Single Location,Out Of Business,True,2025-01-22T12:17:42.727933-05:00,State Theatre,01-RC-098036,False
CAMBRIDGE REHABILITATION & NURSING CENTER,"8 Dana St,Cambridge,MA 02138-5402",617 864-4267,Single Location,Active,True,2025-01-22T12:18:35.342249-05:00,Cambridge rehabilitation,01-RC-098037,False
TRUMP PARC STAMFORD ASSOCIATES INC,"1 Broad St Unit 2phd,Stamford,CT 06901-2310",203 878-6766,Single Location,Active,True,2025-01-22T12:19:27.979057-05:00,Trump Parc Stamford,01-RC-099465,False
"ROTOBEC U.S.A., INC.","162 Rotobec Dr,Littleton,NH 03561-3961",603 444-2103,Subsidiary,Active,True,2025-01-22T12:20:20.470233-05:00,Rotobec,01-RC-099489,False
ARAMARK REFRESHMENT SERVICES LLC,"2 Frontage Rd Bldg 6,Boston,MA 02118-2803",617 636-9479,Single Location,Active,True,2025-01-22T12:23:37.663773-05:00,Aramark,01-RC-100901,False
ARAMARK BU BUICK ST MARKE,"10 Buick St,Boston,MA 02215-1302",,Single Location,Active,True,2025-01-22T12:23:52.930271-05:00,Aramark,01-RC-100901,False
"ARAMARK SERVICES, INC.","40 Trinity Pl,Boston,MA 02116-5006",617 338-2499,Branch,Active,True,2025-01-22T12:24:08.212685-05:00,Aramark,01-RC-100901,False
ARAMARK CORPORATION,"140 Bay State Rd,Boston,MA 02215-1701",617 353-2356,Branch,Active,True,2025-01-22T12:24:23.411876-05:00,Aramark,01-RC-100901,False
"ARAMARK SERVICES, INC.","4 Jersey St,Boston,MA 02215-4148",617 536-6683,Branch,Active,True,2025-01-22T12:24:38.657863-05:00,Aramark,01-RC-100901,False
"ARAMARK SERVICES, INC.","775 Commonwealth Ave,Boston,MA 02215-1401",617 353-2990,Branch,Active,True,2025-01-22T12:24:53.938657-05:00,Aramark,01-RC-100901,False
"ARAMARK SERVICES, INC.","949 Commonwealth Ave,Boston,MA 02215-1305",617 358-5932,Branch,Active,True,2025-01-22T12:25:09.282361-05:00,Aramark,01-RC-100901,False
ARAMARK CORPORATION,"300 Terminal C,Boston,MA 02128-2005",617 567-4765,Branch,Active,True,2025-01-22T12:25:24.575183-05:00,Aramark,01-RC-100901,False
"ARAMARK SERVICES, INC.","84 Pilgrim Rd,Boston,MA 02215-4127",617 521-1073,Branch,Active,True,2025-01-22T12:25:39.807636-05:00,Aramark,01-RC-100901,False
ARAMARK COMPANY,"78 Waltham St,Boston,MA 02118-3684",617 695-2222,Single Location,Out Of Business,True,2025-01-22T12:25:54.999972-05:00,Aramark,01-RC-100901,False
NES EQUIPMENT SERVICES CORPORATION,"550 Odlin Rd,Bangor,ME 04401-6708",207 942-5990,Single Location,Out Of Business,True,2025-01-22T12:26:47.596172-05:00,NES,01-RC-101269,False
"HUNTER'S AMBULANCE SERVICE, INC.","450 478 W Main St,Meriden,CT 06451",203 235-3369,Headquarters,Active,True,2025-01-22T12:33:07.932484-05:00,hunters ambulance,01-RC-112408,False
HUNTERS AMBULANCE,"450 W Main St,Meriden,CT 06451-2798",860 388-3557,Single Location,Active,True,2025-01-22T12:33:23.195692-05:00,hunters ambulance,01-RC-112408,False
HUNTER'S MIDDLESEX AMBULANCE SERVICE INC,"474 E Main St,Meriden,CT 06450-6037",203 235-4441,Subsidiary,Active,True,2025-01-22T12:33:38.491375-05:00,hunters ambulance,01-RC-112408,False
"HUNTER'S AMBULANCE SERVICE, INC.","450 W Main St,Meriden,CT 06451-2798",860 346-2630,Branch,Active,True,2025-01-22T12:33:53.786115-05:00,hunters ambulance,01-RC-112408,False
"M & J BUS LINES, INC.","16 Middle River Dr,Stafford Springs,CT 06076-1068",860 684-2754,Branch,Active,True,2025-01-22T12:34:46.524607-05:00,M J Bus,01-RC-112964,False
ARAMARK,"933 Wilbraham Rd,Springfield,MA 01109-2024",,Single Location,Active,True,2025-01-22T12:35:39.051217-05:00,aramark,01-RC-113424,False
"ARAMARK SERVICES, INC.","1000 State St,Springfield,MA 01109-3151",413 205-3349,Branch,Active,True,2025-01-22T12:35:54.231352-05:00,aramark,01-RC-113424,False
"ARAMARK SERVICES, INC.","263 Alden St,Springfield,MA 01109-3707",413 748-3804,Branch,Active,True,2025-01-22T12:36:09.466765-05:00,aramark,01-RC-113424,False
"CHENEGA INTEGRATED SYSTEMS, LLC","19980 Highland Vista Dr Ste 100,Ashburn,VA 20147-4189",850 763-6013,Branch,Active,True,2025-01-22T12:50:37.258173-05:00,Chenega,01-RC-022388,False
"AIRGAS USA, LLC","90 Research Rd,Hingham,MA 02043-4310",781 740-5704,Branch,Active,True,2025-01-22T12:51:30.123165-05:00,Airgas,01-RC-022390,False
"AIRGAS USA, LLC","5 Pond Park Rd Ste 1,Hingham,MA 02043-4365",781 740-0215,Branch,Active,True,2025-01-22T12:51:45.332154-05:00,Airgas,01-RC-022390,False
"FIRST STUDENT, INC.","68 Industrial Blvd Ste 6,Hanson,MA 02341-1547",508 540-6433,Branch,Active,True,2025-01-22T12:55:21.929870-05:00,First Student,01-RC-022401,False
"FIRST STUDENT, INC.","208 Hayes Memorial Dr,Marlborough,MA 01752-5802",508 870-0211,Branch,Active,True,2025-01-22T12:56:56.603252-05:00,First Student,01-RC-022406,False
"FIRST STUDENT, INC.","402 Hudson St,Marlborough,MA 01752-1238",,Branch,Active,True,2025-01-22T12:57:11.809946-05:00,First Student,01-RC-022406,False
"FIRST STUDENT, INC.","65 Boston Post Rd W Ste 300,Marlborough,MA 01752-1855",508 485-1300,Branch,Active,True,2025-01-22T12:57:27.021008-05:00,First Student,01-RC-022406,False
"FIRST STUDENT, INC.","313 Boston Post Rd W Ste 200,Marlborough,MA 01752-4691",508 485-1300,Single Location,Out Of Business,True,2025-01-22T12:57:42.179593-05:00,First Student,01-RC-022406,False
"FALMOUTH LANDFILL SOLAR, LLC","88 Black Falcon Ave Ste 342,Boston,MA 02210-2431",,Single Location,Active,True,2025-01-22T12:58:36.198863-05:00,falmouth,01-RC-022408,False
FALMOUTH RETAIL LLC,"100 State St Fl 11,Boston,MA 02109-2410",,Single Location,Active,True,2025-01-22T12:58:51.476877-05:00,falmouth,01-RC-022408,False
"OCB FALMOUTH & FRAMINGHAM REAL ESTATE, LLC","50 Staniford St Ste 600,Boston,MA 02114-2539",,Single Location,Active,True,2025-01-22T12:59:06.674974-05:00,falmouth,01-RC-022408,False
"33 FALMOUTH AVENUE, LLC","519 Albany St Ste 200,Boston,MA 02118-2643",,Single Location,Active,True,2025-01-22T12:59:21.882587-05:00,falmouth,01-RC-022408,False
FALMOUTH LANDFILL SOLAR II LLC,"88 Black Falcon Ave Ste 342,Boston,MA 02210-2431",,Single Location,Active,True,2025-01-22T12:59:37.086876-05:00,falmouth,01-RC-022408,False
FALMOUTH COMMUNITY LLC,"33 Union St,Boston,MA 02108-2414",617 367-4300,Single Location,Active,True,2025-01-22T12:59:52.288881-05:00,falmouth,01-RC-022408,False
NORTH MARINE FALMOUTH LLC,"1 Joy St,Boston,MA 02108-1403",,Single Location,Active,True,2025-01-22T13:00:07.488228-05:00,falmouth,01-RC-022408,False
FALMOUTH COMMUNITY MANAGER INC.,"33 Union St,Boston,MA 02108-2414",617 367-8998,Single Location,Active,True,2025-01-22T13:00:22.738373-05:00,falmouth,01-RC-022408,False
PF FALMOUTH LLC,"197 Portland St,Boston,MA 02114-1720",,Single Location,Active,True,2025-01-22T13:00:37.990195-05:00,falmouth,01-RC-022408,False
"SIGNAL H FALMOUTH I, LP","105 Newbury St Ste 4,Boston,MA 02116-3047",,Single Location,Active,True,2025-01-22T13:00:53.196216-05:00,falmouth,01-RC-022408,False
"VOCELL BUS CO., INC.","378 Commercial St Ste E,Malden,MA 02148-7303",781 393-0220,Single Location,Active,True,2025-01-22T13:01:46.226530-05:00,Vocell,01-RC-022409,False
"FIRST STUDENT, INC.","150 Linus Allain Ave Ste 2,Gardner,MA 01440-4226",978 630-3860,Branch,Active,True,2025-01-22T13:03:19.350888-05:00,First Student,01-RC-022411,False
HCSG WINGATE SPRIN42,"42 Prospect Ave,West Springfield,MA 01089-4510",,Single Location,Active,True,2025-01-22T13:04:29.139022-05:00,Wingate,01-RC-022412,False
"CONTINENTAL WINGATE COMPANY, INC.","42 Prospect Ave,West Springfield,MA 01089-4510",413 733-3151,Branch,Active,True,2025-01-22T13:04:44.357289-05:00,Wingate,01-RC-022412,False
"KDN HOLDINGS, INC.","225 John Hancock Rd,Taunton,MA 02780-7318",508 821-2060,Single Location,Out Of Business,True,2025-01-22T13:05:56.861114-05:00,Agar Supply,01-RC-022415,False
MVM PAINTING LLC,"19761 Estancia Ter,Ashburn,VA 20147-5246",,Single Location,Active,True,2025-01-22T13:12:00.384944-05:00,MVM,01-RC-061888,False
MVM PAINTING LLC,"43784 Virginia Manor Ter,Ashburn,VA 20148-3104",,Single Location,Active,True,2025-01-22T13:12:15.616033-05:00,MVM,01-RC-061888,False
MVM INTERNATIONAL SECURITY,"9 Capitol St,Concord,NH 03301-6310",,Single Location,Out Of Business,True,2025-01-22T13:12:30.964653-05:00,MVM,01-RC-061888,False
ALLIED WASTE SERVICES OF MASSACHUSETTS LLC,"61 Commonwealth Ave,South Yarmouth,MA 02664-1201",508 398-9222,Branch,Active,True,2025-01-22T13:15:22.878240-05:00,Allied Waste,01-RC-083246,False
"BOB'S DISCOUNT FURNITURE, LLC","434 Tolland Tpke,Manchester,CT 06042-1765",860 474-1200,Subsidiary,Active,True,2025-01-22T13:25:47.887226-05:00,Bob's Furniture,01-RC-101415,False
"BOB'S DISCOUNT FURNITURE CHARITABLE FOUNDATION, INC.","428 Tolland Tpke,Manchester,CT 06042-1765",860 645-3208,Single Location,Active,True,2025-01-22T13:26:03.136961-05:00,Bob's Furniture,01-RC-101415,False
"BOB'S DISCOUNT FURNITURE, LLC","428 Tolland Tpke,Manchester,CT 06042-1765",860 645-3208,Branch,Active,True,2025-01-22T13:26:18.328191-05:00,Bob's Furniture,01-RC-101415,False
"BOB'S DISCOUNT FURNITURE HOLDINGS I, LLC","428 Tolland Tpke,Manchester,CT 06042-1765",,Single Location,Out Of Business,True,2025-01-22T13:26:33.551116-05:00,Bob's Furniture,01-RC-101415,False
BOSTON GLOBE PUBLISHING SERVICES LLC,"135 William T Morrissey Blvd,Dorchester,MA 02125-3310",,Single Location,Active,True,2025-01-22T13:27:26.219344-05:00,boston globe,01-RC-103493,False
BOSTON GLOBE PRESSMENS BENEFIT FUND INC,"303 Freeport St Rm 105,Dorchester,MA 02122-3513",,Single Location,Out Of Business,True,2025-01-22T13:27:41.502106-05:00,boston globe,01-RC-103493,False
"FIRST STUDENT, INC.","142 Oak Hill Way,Brockton,MA 02301-7124",508 559-5048,Branch,Active,True,2025-01-22T13:30:36.237573-05:00,First Student,01-RC-117260,False
GOLDEN LIVING LLC,"146 Dean St,Taunton,MA 02780-2716",508 823-0767,Single Location,Out Of Business,True,2025-01-22T13:32:49.935801-05:00,Golden Living,01-RC-119998,False
"AIRGAS USA, LLC","1 Plank St,Billerica,MA 01821-5726",978 439-1344,Branch,Active,True,2025-01-22T13:33:42.474686-05:00,Airgas,01-RC-120224,False
GOLDEN LIVING LLC,"1007 East St,Dedham,MA 02026-6363",781 329-1520,Single Location,Out Of Business,True,2025-01-22T13:34:34.989103-05:00,Golden Living,01-RC-120903,False
THE SOUTHERN CONNECTICUT GAS COMPANY,"60 Marsh Hill Rd,Orange,CT 06477-3663",800 659-8299,Branch,Active,True,2025-01-22T13:35:29.570341-05:00,Southern Gas,01-RC-121075,False
HOLLYWOOD CASINO BANGOR,"500 Main St,Bangor,ME 04401-6845",207 974-3500,Single Location,Active,True,2025-01-22T13:37:41.704678-05:00,Hollywood Casino,01-RC-123898,False
"WESTBAY COMMUNITY ACTION, INC.","224 Buttonwoods Ave,Warwick,RI 02886-7541",401 732-4666,Headquarters,Active,True,2025-01-22T13:39:24.402327-05:00,Westbay ,01-RC-127834,False
WESTBAY WELDING AND FABRICATION INC,"19 Locust Ave,Warwick,RI 02886-4732",401 737-2357,Single Location,Active,True,2025-01-22T13:39:39.655875-05:00,Westbay ,01-RC-127834,False
WESTBAY CUSTOMS LLC,"68 Kent Ave,Warwick,RI 02886-4729",,Single Location,Active,True,2025-01-22T13:39:54.943185-05:00,Westbay ,01-RC-127834,False
WESTBAY DIST ST/VINCENT DEPAUL SOUP KITCHEN,"145 Washington St,West Warwick,RI 02893-5015",401 463-6477,Single Location,Active,True,2025-01-22T13:40:10.119436-05:00,Westbay ,01-RC-127834,False
WESTBAY LIQUORS INC,"2430 Warwick Ave,Warwick,RI 02889-4263",401 737-6737,Single Location,Active,True,2025-01-22T13:40:25.341186-05:00,Westbay ,01-RC-127834,False
NVLPT RI LOCAL WESTBAY CO,"224 Buttonwoods Ave,Warwick,RI 02886-7541",401 732-6965,Single Location,Active,True,2025-01-22T13:40:40.592042-05:00,Westbay ,01-RC-127834,False
INSURANCE SURVEY REPORTS,"261 Bayview Ave,East Greenwich,RI 02818-4002",401 398-2992,Single Location,Active,True,2025-01-22T13:40:56.000830-05:00,Westbay ,01-RC-127834,False
WESTBAY MARSHALL ARTS,"3775 Post Rd,Warwick,RI 02886-7221",401 398-0820,Single Location,Active,True,2025-01-22T13:41:11.258998-05:00,Westbay ,01-RC-127834,False
WESTBAY HOUSING CORPORATION,"224 Buttonwoods Ave,Warwick,RI 02886-7541",,Single Location,Active,True,2025-01-22T13:41:26.529748-05:00,Westbay ,01-RC-127834,False
"WESTBAY COMMUNITY ACTION, INC.","22 Astral St,Warwick,RI 02888-5006",401 463-6620,Branch,Active,True,2025-01-22T13:41:41.772765-05:00,Westbay ,01-RC-127834,False
PEPSI PAINTERS,"414 Hevey St,Manchester,NH 03102-3711",,Single Location,Active,True,2025-01-22T13:42:35.036159-05:00,Pepsi,01-RC-127890,False
"PEPSI-COLA METROPOLITAN BOTTLING COMPANY, INC.","127 Pepsi Rd,Manchester,NH 03109-5319",603 625-5764,Branch,Active,True,2025-01-22T13:42:50.182768-05:00,Pepsi,01-RC-127890,False
HBR TRUMBULL LLC,"6448 Main St,Trumbull,CT 06611-2075",203 268-6204,Single Location,Active,True,2025-01-22T13:44:33.202039-05:00,HBR Trumbull,01-RC-128872,False
"HATTI SUPERMARKETS, LLC","259 Barbour St,Hartford,CT 06120-1705",860 906-1247,Single Location,Out Of Business,True,2025-01-22T13:46:07.229090-05:00,Hatti,01-RC-129201,False
BROOKFIELD RENEWABLE POWER INC,"800 Starbuck Ave Ste 802,Watertown,NY 13601-1641",315 779-2400,Branch,Active,True,2025-01-22T13:47:00.289664-05:00,Brookfield Power,01-RC-131976,False
"ERIE BOULEVARD HYDROPOWER, L.P.","800 Starbuck Ave Ste 802,Watertown,NY 13601-1641",315 779-1773,Branch,Active,True,2025-01-22T13:47:15.598689-05:00,Brookfield Power,01-RC-131976,False
"APEX MACHINE TOOL COMPANY, INC.","5 Mckee Pl,Cheshire,CT 06410-1119",860 677-2884,Subsidiary,Active,True,2025-01-22T13:48:08.672601-05:00,EDAC,01-RC-133451,False
"EDAC ND, INC.","500 Knotter Dr,Cheshire,CT 06410-1140",,Single Location,Out Of Business,True,2025-01-22T13:48:23.826644-05:00,EDAC,01-RC-133451,False
"D'ELIA PONTIAC, INCORPORATED","294 Mason St,Greenwich,CT 06830-6634",203 622-0600,Single Location,Out Of Business,True,2025-01-22T13:49:16.833398-05:00,Honda,01-RC-134016,False
HONDA QUIKLUBE,"294 Mason St,Greenwich,CT 06830-6634",203 340-2473,Single Location,Out Of Business,True,2025-01-22T13:49:32.076278-05:00,Honda,01-RC-134016,False
PACE HONDA,"25 Mavis Ln,Greenwich,CT 06830-3034",203 357-0664,Single Location,Out Of Business,True,2025-01-22T13:49:47.242171-05:00,Honda,01-RC-134016,False
"LAWRENCE + MEMORIAL HOSPITAL, INC.","365 Montauk Ave,New London,CT 06320-4769",860 442-0711,Subsidiary,Active,True,2025-01-22T13:50:40.380880-05:00,Lawrence Memorial,01-RC-134298,False
LAWRENCE & MEMORIAL HOSPITAL,"900 Bank St,New London,CT 06320-2701",,Single Location,Active,True,2025-01-22T13:50:55.539619-05:00,Lawrence Memorial,01-RC-134298,False
LAWRENCE MEMORIAL HOSPITAL FEDERAL CREDIT UNION,"365 Montauk Ave,New London,CT 06320-4769",860 442-0711,Single Location,Active,True,2025-01-22T13:51:10.717761-05:00,Lawrence Memorial,01-RC-134298,False
LAWRENCE + MEMORIAL CORPORATION,"365 Montauk Ave,New London,CT 06320-4769",860 442-0711,Subsidiary,Active,True,2025-01-22T13:51:25.878161-05:00,Lawrence Memorial,01-RC-134298,False
LAWRENCE AND MEMORIAL HOSPITAL REGISTERED PROFESSIONAL NURSES LOCAL 5049,"43 Converse Pl,New London,CT 06320-4612",860 442-6900,Single Location,Active,True,2025-01-22T13:51:41.030569-05:00,Lawrence Memorial,01-RC-134298,False
LAWRENCE AND MEMORIAL PHYSICIAN ASSOCIATION,"4 Shaws Cv,New London,CT 06320-4956",860 439-0439,Single Location,Active,True,2025-01-22T13:51:56.201441-05:00,Lawrence Memorial,01-RC-134298,False
"THE AUXILIARY OF THE LAWRENCE AND MEMORIAL HOSPITALS, INC.","365 Montauk Ave,New London,CT 06320-4769",860 442-0711,Headquarters,Active,True,2025-01-22T13:52:11.392410-05:00,Lawrence Memorial,01-RC-134298,False
AUXILIARY OF THE LAWRENCE AND MEMORIAL HOSPITAL INC,"234 State St,New London,CT 06320-6305",860 442-0733,Branch,Active,True,2025-01-22T13:52:26.586871-05:00,Lawrence Memorial,01-RC-134298,False
KNOWLEDGE LEARNING CORPORATION,"365 Montauk Ave,New London,CT 06320-4700",860 444-5137,Single Location,Out Of Business,True,2025-01-22T13:52:41.774314-05:00,Lawrence Memorial,01-RC-134298,False
"AUXILIARY OF THE LAWRENCE AND MEMORIAL HOSPITALS, INC.","140 State St,New London,CT 06320-6316",860 437-8607,Single Location,Out Of Business,True,2025-01-22T13:52:56.944863-05:00,Lawrence Memorial,01-RC-134298,False
"XPO LOGISTICS FREIGHT, INC.","56 Pine St,Manchester,NH 03103-6207",603 627-7090,Branch,Active,True,2025-01-22T13:54:30.238439-05:00,Con-way,01-RC-138009,False
ELECTRICAL WORKERS IBEW AFL-CIO LOCAL 42,"379 Wetherell St,Manchester,CT 06040-6349",860 646-7297,Single Location,Active,True,2025-01-22T13:55:23.557119-05:00,IBEW,01-RC-138347,False
IBEW/NECA LINEMEN'S SAFETY TEST LAB INC,"379 Wetherell St,Manchester,CT 06040-6349",860 643-4048,Single Location,Out Of Business,True,2025-01-22T13:55:38.699089-05:00,IBEW,01-RC-138347,False
"FIRST STUDENT, INC.","1421 Bedford St,Abington,MA 02351-1274",781 878-0163,Branch,Active,True,2025-01-22T13:57:30.522606-05:00,First Student,01-RC-139493,False
YRC INC.,"464 Hartford Tpke,Shrewsbury,MA 01545-4001",508 845-1101,Single Location,Out Of Business,True,2025-01-22T13:58:23.152141-05:00,YRC,01-RC-140673,False
YRC INC.,"539 Hartford Tpke Ste 2,Shrewsbury,MA 01545-4002",508 842-4666,Single Location,Out Of Business,True,2025-01-22T13:58:38.295044-05:00,YRC,01-RC-140673,False
AXELLE HOME HEALTHCARE SERVICES LLC,"3 Regina Rd,Vernon Rockville,CT 06066-5818",,Single Location,Out Of Business,True,2025-01-22T14:01:32.950228-05:00,Healthcare services,01-RC-143134,False
TRIBUNE BROADCASTING COMPANY,"285 Broad St,Hartford,CT 06103",860 527-6161,Branch,Active,True,2025-01-22T14:02:25.636235-05:00,Tribune Broadcasting,01-RC-144161,False
"J. P. SALMINI COMPANY,INCORPORATED","2 Dwight St,North Haven,CT 06473-1139",203 878-8501,Single Location,Active,True,2025-01-22T14:03:24.054645-05:00,J.P. Salmini,01-RC-144310,False
"SPECTRUM MANAGEMENT HOLDING COMPANY, LLC","4 Federico Dr,Pittsfield,MA 01201-0700",413 443-4755,Branch,Active,True,2025-01-22T14:05:15.363588-05:00,Time Warner,01-RC-145268,False
HEARST PROPERTIES INC.,"100 South Commercial St,Manchester,NH 03101-2605",603 669-9999,Branch,Active,True,2025-01-22T14:07:29.883911-05:00,WMUR,01-RC-147033,False
WMUR-TV INC,"100 South Commercial St,Manchester,NH 03101-2605",603 669-9999,Single Location,Out Of Business,True,2025-01-22T14:07:45.028614-05:00,WMUR,01-RC-147033,False
ST JOSEPH S HEALTH SERVICES OUR LADY OF FATIMA,"1300 Mineral Spring Ave,North Providence,RI 02904-4606",401 729-7417,Single Location,Active,True,2025-01-22T14:08:56.481681-05:00,Our Lady of Fatima,01-RC-147842,False
CHARTERCARE OUR LADY OF FATIMA HOSPITAL,"3060 Peachtree Rd Nw Ste 1030,Atlanta,GA 30305-3305",,Single Location,Active,True,2025-01-22T14:09:11.648452-05:00,Our Lady of Fatima,01-RC-147842,False
"SOUTHCOAST VISITING NURSE ASSOCIATION, INC","200 Mill Rd Ste 120,Fairhaven,MA 02719-5252",508 973-3200,Headquarters,Active,True,2025-01-22T14:10:04.300086-05:00,Southcoast,01-RC-148561,False
"SOUTHCOAST PHYSICIANS GROUP, INC.","200 Mill Rd Ste 180,Fairhaven,MA 02719-5255",508 758-3781,Headquarters,Active,True,2025-01-22T14:10:19.450491-05:00,Southcoast,01-RC-148561,False
"SILVA, DILMA H","208 Mill Rd # 2,Fairhaven,MA 02719-5208",508 973-2420,Single Location,Active,True,2025-01-22T14:10:34.594078-05:00,Southcoast,01-RC-148561,False
SOUTHCOAST VENTURES INC,"200 Mill Rd Ste 180,Fairhaven,MA 02719-5255",508 973-3663,Single Location,Active,True,2025-01-22T14:10:49.845139-05:00,Southcoast,01-RC-148561,False
SOUTHCOAST CENTER FOR PRIMARY & SPECIALTY CARE,"208 Mill Rd,Fairhaven,MA 02719-5208",508 758-3781,Single Location,Active,True,2025-01-22T14:11:05.024858-05:00,Southcoast,01-RC-148561,False
"SOUTHCOAST PHYSICIAN SERVICES, INC.","200 Mill Rd Ste 180,Fairhaven,MA 02719-5255",508 985-2023,Single Location,Active,True,2025-01-22T14:11:20.189121-05:00,Southcoast,01-RC-148561,False
"SOUTHCOAST PHYSICIANS NETWORK, INC","200 Mill Rd Ste 180,Fairhaven,MA 02719-5255",508 973-3733,Single Location,Active,True,2025-01-22T14:11:35.340351-05:00,Southcoast,01-RC-148561,False
SOUTHCOAST CLINICAL PHARMACY,"200 Mill Rd Ste 180,Fairhaven,MA 02719-5255",508 910-0370,Single Location,Active,True,2025-01-22T14:11:50.503894-05:00,Southcoast,01-RC-148561,False
SOUTHCOAST PUBLISHING GROUP LL,"209 Huttleston Ave,Fairhaven,MA 02719-1956",,Single Location,Active,True,2025-01-22T14:12:05.674125-05:00,Southcoast,01-RC-148561,False
SOUTHCOAST CARPET CLEANING,"394 Huttleston Ave,Fairhaven,MA 02719-5626",508 984-7428,Single Location,Active,True,2025-01-22T14:12:20.835265-05:00,Southcoast,01-RC-148561,False
ARAMARK HEALTH SERVICES INC,"14 Morgan Ct,Lincoln,RI 02865-4647",401 658-2539,Single Location,Active,True,2025-01-22T14:14:35.305030-05:00,aramark,01-RC-151218,False
WELLSPRING MEDICAL RESOURCES LLC,"40 Jamaicaway Apt 5,Boston,MA 02130-1019",860 627-5393,Single Location,Active,True,2025-01-22T14:15:27.979249-05:00,medical resources,01-RC-151938,False
URBAN MEDICAL RESOURCES CHINEE,"359 Boylston St Ste 301,Boston,MA 02116-3379",617 424-1129,Single Location,Active,True,2025-01-22T14:15:43.122662-05:00,medical resources,01-RC-151938,False
"MEDICAL RESOURCES, INC.","359 Boylston St Ste 301,Boston,MA 02116-3379",617 424-8344,Branch,Active,True,2025-01-22T14:15:58.270742-05:00,medical resources,01-RC-151938,False
EDITH TAGRIN-KAPLAN,"1 Emerson Pl Apt 6e,Boston,MA 02114-2207",617 367-6688,Single Location,Out Of Business,True,2025-01-22T14:16:13.392224-05:00,medical resources,01-RC-151938,False
"MEDICAL RESOURCES, INC","6 Saint James Ave,Boston,MA 02116-3803",617 451-1944,Single Location,Out Of Business,True,2025-01-22T14:16:28.543828-05:00,medical resources,01-RC-151938,False
MEDICAL RESOURCES,"1853 Comnwlth Av,Boston,MA 02135",617 782-0333,Single Location,Out Of Business,True,2025-01-22T14:16:43.767282-05:00,medical resources,01-RC-151938,False
UNO CHICAGO GRILL,"180 Spark St,Brockton,MA 02302-1621",508 580-1561,Single Location,Active,True,2025-01-22T14:17:36.427397-05:00,uno,01-RC-152774,False
PIZZERIA UNO OF BROCKTON INC,"510 Westgate Dr,Brockton,MA 02301-1816",,Single Location,Active,True,2025-01-22T14:17:51.606453-05:00,uno,01-RC-152774,False
URC LLC,"180 Spark St,Brockton,MA 02302-1621",617 218-5464,Branch,Active,True,2025-01-22T14:18:06.738023-05:00,uno,01-RC-152774,False
UNO COMFORT,"1014 N Main St,Brockton,MA 02301-1535",508 427-4422,Single Location,Out Of Business,True,2025-01-22T14:18:21.919893-05:00,uno,01-RC-152774,False
URC LLC,"510 Westgate Dr,Brockton,MA 02301-1816",508 580-0994,Single Location,Out Of Business,True,2025-01-22T14:18:37.072949-05:00,uno,01-RC-152774,False
"KINDRED HEALTHCARE OPERATING, LLC","2045 Gar Hwy,Swansea,MA 02777-3932",508 379-9700,Branch,Active,True,2025-01-22T14:19:48.110495-05:00,Country Gardens,01-RC-153228,False
AFSCME COUNCIL 93,"8 Beacon St,Boston,MA 02108-3711",781 246-5300,Single Location,Active,True,2025-01-22T14:21:41.036214-05:00,AFSCME,01-RC-154921,False
AMERICAN FEDERATION OF STATE COUNTY & MUNICIPAL EMPLOYEES,"8 Beacon St,Boston,MA 02108-3722",617 367-3686,Headquarters,Active,True,2025-01-22T14:21:56.202680-05:00,AFSCME,01-RC-154921,False
AFSCME LOCAL 470,"85 East Newton St,Boston,MA 02118-3553",617 236-0993,Single Location,Active,True,2025-01-22T14:22:11.314067-05:00,AFSCME,01-RC-154921,False
DCR LOCAL 3485 AFLCIO-AFSCME,"8 Beacon St,Boston,MA 02108-3722",617 227-3245,Single Location,Active,True,2025-01-22T14:22:26.475478-05:00,AFSCME,01-RC-154921,False
AFSCME NORTHSHORE,"8 Beacon St Fl 3,Boston,MA 02108-3750",617 367-6000,Single Location,Out Of Business,True,2025-01-22T14:22:41.612803-05:00,AFSCME,01-RC-154921,False
AFSCME ORGANIZING PROJECT,"8 Beacon St,Boston,MA 02108-3722",617 367-6005,Single Location,Out Of Business,True,2025-01-22T14:22:56.837440-05:00,AFSCME,01-RC-154921,False
"HANOVER CONSUMER COOPERATIVE SOCIETY, INC.","224 Holiday Dr,White River Junction,VT 05001-2097",603 643-2667,Headquarters,Active,True,2025-01-22T14:23:49.642122-05:00,Hanover Consumer,01-RC-155211,False
HANOVER CONSUMER COOPERATIVE S,"2 Buck Rd,Hanover,NH 03755-2715",,Single Location,Active,True,2025-01-22T14:24:04.779424-05:00,Hanover Consumer,01-RC-155211,False
"HANOVER CONSUMER COOPERATIVE SOCIETY, INC.","45 S Park St,Hanover,NH 03755-2157",603 643-4889,Branch,Active,True,2025-01-22T14:24:19.931940-05:00,Hanover Consumer,01-RC-155211,False
"HANOVER CONSUMER COOPERATIVE SOCIETY, INC.","51 S Park St,Hanover,NH 03755-2154",603 643-6650,Branch,Active,True,2025-01-22T14:24:35.065214-05:00,Hanover Consumer,01-RC-155211,False
DURHAM SCHOOL SERVICE,"2 Katlyn Dr,East Freetown,MA 02717-1327",508 763-2545,Single Location,Out Of Business,True,2025-01-22T14:25:27.814494-05:00,durham school,01-RC-155542,False
"NORWALK HOSPITAL ASSOCIATION, THE","34 Maple St,Norwalk,CT 06850-3894",203 852-2000,Subsidiary,Active,True,2025-01-22T14:27:00.929336-05:00,Norwalk Hospital,01-RC-156533,False
"THE ADVANCED CENTER FOR REHABILITATION MEDICINE, INC.","24 Stevens St,Norwalk,CT 06850-3852",203 852-2000,Subsidiary,Active,True,2025-01-22T14:27:16.099093-05:00,Norwalk Hospital,01-RC-156533,False
"NORWALK HOSPITAL FOUNDATION, INC.","30 Stevens St,Norwalk,CT 06850-3859",203 852-2216,Subsidiary,Active,True,2025-01-22T14:27:31.288271-05:00,Norwalk Hospital,01-RC-156533,False
NORWALK HOSPITAL,"34 Maple St,Norwalk,CT 06850-3894",203 852-2000,Single Location,Active,True,2025-01-22T14:27:46.454839-05:00,Norwalk Hospital,01-RC-156533,False
NORWALK HOSPITAL SLEEP DISORDER CENTER,"520 West Ave,Norwalk,CT 06850-4034",203 855-3632,Single Location,Active,True,2025-01-22T14:28:01.655446-05:00,Norwalk Hospital,01-RC-156533,False
NORWALK HOSPITAL,"Stevens St,Norwalk,CT 06850",203 852-3435,Single Location,Active,True,2025-01-22T14:28:16.853160-05:00,Norwalk Hospital,01-RC-156533,False
NORWALK HOSPITAL CREDIT UNION,"31 Stevens St,Norwalk,CT 06850-3805",203 857-4530,Single Location,Active,True,2025-01-22T14:28:32.016904-05:00,Norwalk Hospital,01-RC-156533,False
"NORWALK VETERINARY HOSPITAL, P.C.","726 Connecticut Ave,Norwalk,CT 06854-1698",203 838-8421,Single Location,Active,True,2025-01-22T14:28:47.184330-05:00,Norwalk Hospital,01-RC-156533,False
"NORWALK ANIMAL HOSPITAL, P.C.","330 Main Ave,Norwalk,CT 06851-6108",203 847-7757,Single Location,Active,True,2025-01-22T14:29:02.368321-05:00,Norwalk Hospital,01-RC-156533,False
LAFFAYE HORACE A MD,"34 Maple St,Norwalk,CT 06850-3815",203 852-3435,Single Location,Active,True,2025-01-22T14:29:17.524180-05:00,Norwalk Hospital,01-RC-156533,False
"KASDEN FUEL COMPANY, THE","340 Tolland St,East Hartford,CT 06108-2445",860 289-5431,Single Location,Active,True,2025-01-22T14:30:28.876470-05:00,kasden,01-RC-156861,False
"YANKEES ENTERTAINMENT AND SPORTS NETWORK, LLC","200 Park Ave Fl 1200,New York,NY 10166-1299",646 487-3600,Headquarters,Active,True,2025-01-22T14:31:21.550993-05:00,Yankees Entertainment,01-RC-157259,False
YANKEES ENTERTAINMENT & SPORTS NETWORK LLC,"545 5th Ave Fl 8,New York,NY 10017-3639",212 817-3900,Branch,Active,True,2025-01-22T14:31:36.693472-05:00,Yankees Entertainment,01-RC-157259,False
YANKEES SPORTS AND ENTERTAINMENT NETWORK,"545 5th Ave,New York,NY 10017-3609",212 687-0835,Single Location,Out Of Business,True,2025-01-22T14:31:51.968935-05:00,Yankees Entertainment,01-RC-157259,False
"GREATER HARTFORD LEGAL AID, INC.","999 Asylum Ave Fl 3,Hartford,CT 06105-2465",860 541-5000,Single Location,Active,True,2025-01-22T14:32:44.637059-05:00,Hartford Legal Aid,01-RC-157438,False
AXELLE HOME HEALTHCARE SERVICES LLC,"3 Regina Rd,Vernon Rockville,CT 06066-5818",,Single Location,Out Of Business,True,2025-01-22T14:33:36.981059-05:00,Healthcare services,01-RC-158624,False
"STAR NORTHAMPTON, INC.","36 King St,Northampton,MA 01060-3222",413 584-3100,Single Location,Active,True,2025-01-22T14:34:29.922893-05:00,Hotel northampton,01-RC-159231,False
BAY STATE HOTEL OF NORTHAMPTON INC,"85 Prospect St,Northampton,MA 01060-2130",413 584-8513,Single Location,Active,True,2025-01-22T14:34:45.105220-05:00,Hotel northampton,01-RC-159231,False
NORTHAMPTON HOTEL ASSOCIATES,"King St,Northampton,MA 01060",413 584-3100,Single Location,Out Of Business,True,2025-01-22T14:35:00.246003-05:00,Hotel northampton,01-RC-159231,False
NORTHAMPTON HOTEL OPERATING CORP,"36 King St,Northampton,MA 01060-3222",413 584-3100,Single Location,Out Of Business,True,2025-01-22T14:35:15.383106-05:00,Hotel northampton,01-RC-159231,False
HOTEL NORTHAMPTON CONDO TRUST,"36 King St,Northampton,MA 01060-3291",,Single Location,Out Of Business,True,2025-01-22T14:35:30.530877-05:00,Hotel northampton,01-RC-159231,False
"ROBERT BATES, INC.","55 Brook St,New Bedford,MA 02746-1742",508 997-8545,Single Location,Active,True,2025-01-22T14:36:23.102927-05:00,bob's tire,01-RC-159425,False
HR PROVIDENCE INC,"361 Reservoir Ave Ste 8,Providence,RI 02907-3500",,Single Location,Active,True,2025-01-22T14:37:56.289558-05:00,Providence HR,01-RC-162234,False
"STAMFORD WRECKING COMPANY'S OFFICE FURNITURE OUTLET, INC.","375 Fairfield Ave,Stamford,CT 06902-7220",203 967-8367,Single Location,Active,True,2025-01-22T14:50:30.411454-05:00,c&w,01-RC-179495,False
R.C.W. REALTY LLC,"31 Viaduct Rd,Stamford,CT 06907-2719",,Single Location,Active,True,2025-01-22T14:50:45.630719-05:00,c&w,01-RC-179495,False
W C FINANCIAL,"500 Summer St Ste 404,Stamford,CT 06901-1397",,Single Location,Active,True,2025-01-22T14:51:00.735151-05:00,c&w,01-RC-179495,False
"C A W L DEVELOPMENTS, INC.","21 Tanglewood Ln,Stamford,CT 06903-1334",,Single Location,Active,True,2025-01-22T14:51:15.897394-05:00,c&w,01-RC-179495,False
"C.A.W.L. DEVELOPMENTS, INC.","1200 High Ridge Rd Ste 2,Stamford,CT 06905-1202",203 504-2161,Single Location,Active,True,2025-01-22T14:51:31.041056-05:00,c&w,01-RC-179495,False
C&W HOUSE SOLUTION LLC,"223 Henry St,Stamford,CT 06902-5802",,Single Location,Active,True,2025-01-22T14:51:46.296529-05:00,c&w,01-RC-179495,False
W.C. CARRERA CONSTRUCTION LLC,"980 E Main St,Stamford,CT 06902-4112",,Single Location,Active,True,2025-01-22T14:52:01.438201-05:00,c&w,01-RC-179495,False
"MAINVILLE, HENRY L C S W","133 Stamford Ave,Stamford,CT 06902-8012",203 324-3384,Single Location,Active,True,2025-01-22T14:52:16.600182-05:00,c&w,01-RC-179495,False
"NICHOLSON, CAROL L C S W","28 Branch Ln,Stamford,CT 06903-3537",203 322-7243,Single Location,Active,True,2025-01-22T14:52:31.764426-05:00,c&w,01-RC-179495,False
HARRIS ELLEN L C S W,"700 Summer St Ste 1a,Stamford,CT 06901-1001",203 964-1964,Single Location,Out Of Business,True,2025-01-22T14:52:46.928022-05:00,c&w,01-RC-179495,False
FIDDLEHEAD THEATRE,"33 Norwood St,Dorchester,MA 02122-3217",617 514-6497,Single Location,Active,True,2025-01-22T14:54:20.261882-05:00,Fiddlehead theatre,01-RC-179597,False
J. GOODISON COMPANY,"125 Zarbo Ave,North Kingstown,RI 02852",401 667-5938,Headquarters,Active,True,2025-01-22T14:55:53.882388-05:00,J Goodison,01-RC-181959,False
J. GOODISON COMPANY,"244 Burlingham Ave,North Kingstown,RI 02852-7409",401 667-5938,Branch,Active,True,2025-01-22T14:56:09.030124-05:00,J Goodison,01-RC-181959,False
J'S ASSOCIATES LLC,"10375 Southern Maryland Blvd Ste 16b,Dunkirk,MD 20754-3064",301 327-5164,Single Location,Active,True,2025-01-22T14:57:02.183457-05:00,J's Associates,01-RC-182433,False
"FIRST STUDENT, INC.","5 Churchill Ave,Whitman,MA 02382-1801",781 447-4434,Branch,Active,True,2025-01-22T14:58:55.005577-05:00,First Student,01-RC-183080,False
FCI FEDERAL LLC,"32 Rochester Ave,Portsmouth,NH 03801-2909",703 646-9381,Single Location,Active,True,2025-01-22T15:00:28.491773-05:00,FCI Federal,01-RC-184778,False
"EASTERN BUS COMPANY, INC.","14 Chestnut St,Somerville,MA 02143-2124",617 628-6868,Headquarters,Active,True,2025-01-22T15:01:22.263176-05:00,eastern bus,01-RC-186289,False
"EASTERN BUS COMPANY, INC.","2 Municipal Way,Wellesley Hills,MA 02481-2431",781 263-0044,Branch,Active,True,2025-01-22T15:01:37.383388-05:00,eastern bus,01-RC-186289,False
"AIRGAS, INC.","305 Target Cir,Bangor,ME 04401-5721",207 262-9458,Branch,Active,True,2025-01-22T15:02:30.414326-05:00,Airgas,01-RC-186736,False
ARAMARK,"400 Heath St,Chestnut Hill,MA 02467-2332",,Single Location,Active,True,2025-01-22T15:04:04.936473-05:00,aramark,01-RC-187865,False
"MAXIM HEALTHCARE SERVICES, INC.","100 Sebethe Dr Ste A3,Cromwell,CT 06416-1037",860 613-0238,Branch,Active,True,2025-01-22T15:04:57.535554-05:00,Healthcare services,01-RC-189331,False
THE UPS STORE,"54 Hazard Ave Ste 14,Enfield,CT 06082-3865",860 745-9511,Single Location,Active,True,2025-01-22T15:06:30.791579-05:00,UPS,01-RC-190144,False
"UNITED PARCEL SERVICE, INC.","300 Shaker Rd,Enfield,CT 06082-2330",,Branch,Active,True,2025-01-22T15:06:45.939695-05:00,UPS,01-RC-190144,False
KIDS CUTS & GROWN UPS,"546 Enfield St,Enfield,CT 06082-2408",860 253-0440,Single Location,Out Of Business,True,2025-01-22T15:07:01.095271-05:00,UPS,01-RC-190144,False
ABC LESSONS FOR GROWN-UPS,"11 Wilstar Cir,Enfield,CT 06082-4607",860 698-9656,Single Location,Out Of Business,True,2025-01-22T15:07:16.225140-05:00,UPS,01-RC-190144,False
"UNITED PARCEL SERVICE, INC.","295 N Maple St,Enfield,CT 06082-2114",860 749-2665,Single Location,Out Of Business,True,2025-01-22T15:07:31.372394-05:00,UPS,01-RC-190144,False
"SAINT VINCENT HOSPITAL, L.L.C.","123 Summer St,Worcester,MA 01608-1216",508 363-5000,Subsidiary,Active,True,2025-01-22T15:09:05.245763-05:00,Saint Vincent,01-RC-192398,False
"VHS ACQUISITION SUBSIDIARY NUMBER 7, INC.","123 Summer St,Worcester,MA 01608-1216",508 383-1000,Subsidiary,Active,True,2025-01-22T15:09:20.406919-05:00,Saint Vincent,01-RC-192398,False
"SAINT VINCENT PHYSICIAN SERVICES, INC.","20 Washington Sq,Worcester,MA 01604-4013",508 363-6237,Subsidiary,Active,True,2025-01-22T15:09:35.550613-05:00,Saint Vincent,01-RC-192398,False
SAINT VINCENT RADIOLOGICAL ASSOCIATES INC,"188 Munger Hill Rd,Westfield,MA 01085-4500",978 939-2072,Single Location,Active,True,2025-01-22T15:09:50.696779-05:00,Saint Vincent,01-RC-192398,False
SAINT VINCENT HOSPITAL CANCER CENTER,"1 Eaton Pl,Worcester,MA 01608-1232",508 363-6881,Single Location,Active,True,2025-01-22T15:10:05.829743-05:00,Saint Vincent,01-RC-192398,False
SAINT VINCENT MEDICAL GROUP,"85 Prescott St,Worcester,MA 01605-2610",508 799-8957,Single Location,Active,True,2025-01-22T15:10:21.075019-05:00,Saint Vincent,01-RC-192398,False
"SAINT VINCENT HOSPITAL, L.L.C.","440 Grove St,Worcester,MA 01605-1268",508 853-1412,Branch,Active,True,2025-01-22T15:10:36.249197-05:00,Saint Vincent,01-RC-192398,False
"SAINT VINCENT HOSPITAL, L.L.C.","20 Washington Sq,Worcester,MA 01604-4013",508 363-1800,Branch,Active,True,2025-01-22T15:10:51.391084-05:00,Saint Vincent,01-RC-192398,False
"SAINT VINCENT HOSPITAL, L.L.C.","20 Major Taylor Blvd,Worcester,MA 01608-1309",508 798-6198,Branch,Active,True,2025-01-22T15:11:06.552945-05:00,Saint Vincent,01-RC-192398,False
SAINT VINCENT DE PAUL SOCIETY INC,"102 Shore Dr Ste 100,Worcester,MA 01605-3154",508 853-7500,Branch,Active,True,2025-01-22T15:11:21.729008-05:00,Saint Vincent,01-RC-192398,False
BRUSH HILL TRANSPORTATION COMPANY,"439 High St,Randolph,MA 02368-1631",781 963-6811,Branch,Active,True,2025-01-22T15:14:03.656992-05:00,Brush Hill,01-RC-197807,False
BRUSH HILL TRANSPORTATION CO,"435 High St Ste 2,Randolph,MA 02368-1636",781 986-0654,Branch,Active,True,2025-01-22T15:14:18.810187-05:00,Brush Hill,01-RC-197807,False
"BRUSH HILL PARTNERS, LLC","21 Mazzeo Dr Ste 103,Randolph,MA 02368-3448",,Single Location,Out Of Business,True,2025-01-22T15:14:33.957154-05:00,Brush Hill,01-RC-197807,False
TRINITY HEALTH MERCY LIFE PACE,"200 Hillside Cir Ste 1,West Springfield,MA 01089-4681",413 748-7223,Single Location,Active,True,2025-01-22T15:17:28.984927-05:00,Mercy ,01-RC-201662,False
MERCY COMPANIONS,"200 Hillside Cir Ste 4,West Springfield,MA 01089-4681",413 827-4295,Single Location,Active,True,2025-01-22T15:17:44.143800-05:00,Mercy ,01-RC-201662,False
"SISTERS OF PROVIDENCE, INC.","200 Hillside Cir Ste 3,West Springfield,MA 01089-4681",413 540-0140,Branch,Active,True,2025-01-22T15:17:59.294325-05:00,Mercy ,01-RC-201662,False
"SECURITAS CRITICAL INFRASTRUCTURE SERVICES, INC.","13900 Lincoln Park Dr Ste 370,Herndon,VA 20171-3746",703 750-1098,Subsidiary,Active,True,2025-01-22T15:20:03.413647-05:00,Paragon ,01-RC-201967,False
"PARAGON SYSTEMS, INC.","13900 Lincoln Park Dr Ste 300,Herndon,VA 20171-3244",703 263-7176,Subsidiary,Active,True,2025-01-22T15:20:19.858981-05:00,Paragon ,01-RC-201967,False
PARAGON SOLUTIONS (US) INC.,"13800 Coppermine Rd Fl 2,Herndon,VA 20171-6269",551 243-6268,Single Location,Active,True,2025-01-22T15:20:34.992516-05:00,Paragon ,01-RC-201967,False
PARAGON AVIATION SERVICES,"447 Carlisle Dr Ste B,Herndon,VA 20170-5605",703 787-8800,Single Location,Active,True,2025-01-22T15:20:50.160787-05:00,Paragon ,01-RC-201967,False
PARAGON RISK MANAGEMENT INC.,"13900 Lincoln Park Dr Ste 300,Herndon,VA 20171-3244",703 750-1098,Single Location,Active,True,2025-01-22T15:21:05.301902-05:00,Paragon ,01-RC-201967,False
PARAGON SYSTEMS LLC,"2465 Centreville Rd Ste J17,Herndon,VA 20171-3026",703 263-7176,Single Location,Active,True,2025-01-22T15:21:20.470746-05:00,Paragon ,01-RC-201967,False
PARAGON REAL ESTATE SERVICES INC,"840 Moffett Forge Rd Ste 200,Herndon,VA 20170-3263",703 620-9833,Single Location,Active,True,2025-01-22T15:21:35.643161-05:00,Paragon ,01-RC-201967,False
PARAGON APARTMENTS LLC,"13671 Air And Space Museum Pkwy,Herndon,VA 20171-4117",605 202-0141,Single Location,Active,True,2025-01-22T15:21:50.799797-05:00,Paragon ,01-RC-201967,False
PARAGON SCIENCES LLC,"1041 Jeff Ryan Dr,Herndon,VA 20170-3625",703 589-7777,Single Location,Active,True,2025-01-22T15:22:05.956644-05:00,Paragon ,01-RC-201967,False
PARAGON UNIFORMED PROTECTION SERVICES LLC,"13900 Lincoln Park Dr Ste 370,Herndon,VA 20171-3746",571 233-4881,Single Location,Active,True,2025-01-22T15:22:21.090943-05:00,Paragon ,01-RC-201967,False
LAWRENCE READY MIXED CONCRETE,"71 Spring St,Plympton,MA 02367-1701",781 585-3200,Single Location,Active,True,2025-01-22T15:27:19.800364-05:00,Lawrence Ready,01-RC-207754,False
"COCA-COLA BEVERAGES NORTHEAST, INC.","7 Symmes Dr,Londonderry,NH 03053-2131",603 437-3530,Branch,Active,True,2025-01-22T15:28:53.927279-05:00,Coca Cola,01-RC-207847,False
W.H PRISTINE SERVICES L.L.C.,"129 Newark Ave,Bloomfield,NJ 07003-4907",,Single Location,Active,True,2025-01-22T15:29:46.356431-05:00,C W Services,01-RC-207984,False
"DAVIS MARCUS MANAGEMENT, INC.","200 Connecticut Ave Ste 16,Norwalk,CT 06854-1932",203 866-1220,Branch,Active,True,2025-01-22T15:30:38.781084-05:00,Davis Management,01-RC-208689,False
ARBOUR COUNSELING CENTER,"384 Washington St,Norwell,MA 02061-2010",781 871-6550,Single Location,Active,True,2025-01-22T15:34:31.369859-05:00,Arbour Counseling,01-RC-210271,False
"ENVIRO EXPRESS, INC.","555 Wordin Ave,Bridgeport,CT 06605-1806",203 339-3210,Single Location,Active,True,2025-01-22T15:35:23.789389-05:00,Enviro Express,01-RC-210884,False
"ENVIRO EXPRESS NATURAL GAS, LLC","555 Wordin Ave,Bridgeport,CT 06605-1806",203 339-3210,Single Location,Out Of Business,True,2025-01-22T15:35:38.937295-05:00,Enviro Express,01-RC-210884,False
NATIONAL EXPRESS,"255 Liberty St,Springfield,MA 01104-3733",630 649-4536,Single Location,Active,True,2025-01-22T15:50:08.936633-05:00,National Express ,01-RC-242639,False
"MATTAPAN COMMUNITY HEALTH CENTER, INC.","1575 Blue Hill Ave,Mattapan,MA 02126-2122",617 296-6954,Single Location,Active,True,2025-01-22T15:53:03.174588-05:00,Mattapan health,01-RC-244079,False
"HEBREW HOME AND HOSPITAL, INCORPORATED","1 Abrahms Blvd,West Hartford,CT 06117-1525",860 523-3974,Single Location,Active,True,2025-01-22T15:59:41.743052-05:00,Hebrew Hospital,01-RC-249161,False
HARRIET BEECHER STOWE CENTER,"77 Forest St,Hartford,CT 06105-3296",860 522-9258,Single Location,Active,True,2025-01-22T16:00:39.777410-05:00,Harriet Beecher,01-RC-250177,False
MUSEUM SHOP,"71 Forest St,Hartford,CT 06105-3243",860 525-9317,Single Location,Out Of Business,True,2025-01-22T16:00:54.954939-05:00,Harriet Beecher,01-RC-250177,False
THE HIGHLANDER CHARTER SCHOOL,"42 Lexington Ave,Providence,RI 02907-1716",401 277-2600,Headquarters,Active,True,2025-01-22T16:01:47.568451-05:00,Highlander,01-RC-250256,False
CVS HIGHLANDER CHARTER SCHOOL,"32 John St,Providence,RI 02906-1043",401 277-2600,Single Location,Active,True,2025-01-22T16:02:02.732980-05:00,Highlander,01-RC-250256,False
HIGHLANDER INST,"166 Valley St Ste 3l101,Providence,RI 02909-7419",401 277-2600,Single Location,Active,True,2025-01-22T16:02:17.932964-05:00,Highlander,01-RC-250256,False
HIGHLANDER CHARTER SCHOOL,"45 Greeley St,Providence,RI 02904-2214",,Single Location,Active,True,2025-01-22T16:02:33.183550-05:00,Highlander,01-RC-250256,False
HIGHLANDER REALTY LLC,"99 Corliss St,Providence,RI 02904-2601",,Single Location,Out Of Business,True,2025-01-22T16:02:48.399754-05:00,Highlander,01-RC-250256,False
"LIVE NATION PARADISE, LLC","44 School St Rm 325,Boston,MA 02108-4209",,Subsidiary,Active,True,2025-01-22T16:05:03.602878-05:00,live nation,01-RC-251507,False
"LIVE NATION ENTERTAINMENT, INC.","290 Northern Ave,Boston,MA 02210-2016",617 728-1624,Branch,Active,True,2025-01-22T16:05:18.866614-05:00,live nation,01-RC-251507,False
LIVE NATION,"106 Boylston St,Boston,MA 02116-4641",617 695-0605,Single Location,Out Of Business,True,2025-01-22T16:05:34.025591-05:00,live nation,01-RC-251507,False
LIVE NATION,"15 Lansdowne St,Boston,MA 02215-3412",617 424-0108,Single Location,Out Of Business,True,2025-01-22T16:05:49.224470-05:00,live nation,01-RC-251507,False
INDIVIDUAL DEVELOPMENT INC.,"4954 Astor Pl Se,Washington,DC 20019-6251",202 583-1303,Single Location,Active,True,2025-01-22T16:07:22.675255-05:00,individual development,05-RC-016577,False
INDIVIDUAL DEVELOPMENT INC,"431 53rd St Se,Washington,DC 20019-6171",202 583-1310,Single Location,Active,True,2025-01-22T16:07:37.900301-05:00,individual development,05-RC-016577,False
INDIVIDUAL DEVELOPMENT,"3112 Walnut St Ne,Washington,DC 20018-4016",202 635-4910,Single Location,Active,True,2025-01-22T16:07:53.062786-05:00,individual development,05-RC-016577,False
"INDIVIDUAL DEVELOPMENT, INC.","1420 N St Nw Ste 9,Washington,DC 20005-2843",202 518-0314,Single Location,Out Of Business,True,2025-01-22T16:08:08.317277-05:00,individual development,05-RC-016577,False
CONSULATE HEALTH CARE,"906 Thompson St,Ashland,VA 23005-1128",407 571-1550,Single Location,Active,True,2025-01-22T16:09:00.927098-05:00,consulate health,05-RC-016580,False
JSD CLEANING SERVICE,"17127 Russet Dr,Bowie,MD 20716-3629",301 464-2979,Single Location,Active,True,2025-01-22T16:09:53.762008-05:00,jsd ,05-RC-016582,False
"AMT-JSD, LLC","3540 Crain Hwy,Bowie,MD 20716-1303",,Single Location,Out Of Business,True,2025-01-22T16:10:08.931274-05:00,jsd ,05-RC-016582,False
JLM TRUCKING,"180 M F Bowen Rd,Huntingtown,MD 20639-9128",410 235-7179,Single Location,Active,True,2025-01-22T16:12:01.384198-05:00,JLM,05-RC-016592,False
"JLM CONSTRUCTION, LLC","945 Peppertree Ln,Huntingtown,MD 20639-2222",,Single Location,Active,True,2025-01-22T16:12:16.642808-05:00,JLM,05-RC-016592,False
MACKALL RUSSELL L,"1475 Solomons Island Rd,Huntingtown,MD 20639-8712",410 535-0346,Single Location,Active,True,2025-01-22T16:13:09.060986-05:00,Mackall ,05-RC-016593,False
MACKALL ONLINE ENTERPRISES LLC,"2045 Hatfield Rd,Huntingtown,MD 20639-9582",,Single Location,Out Of Business,True,2025-01-22T16:13:24.226337-05:00,Mackall ,05-RC-016593,False
"MACKALL SERVICES GENERAL CONTRACTING, LLC","2160 Lowery Rd,Huntingtown,MD 20639-9120",,Single Location,Out Of Business,True,2025-01-22T16:13:39.387827-05:00,Mackall ,05-RC-016593,False
HUTCHINS JEREMIAH,",Lusby,MD 20657",,Single Location,Active,False,,Jeremiah Hutchins,05-RC-016600,False
"JENKINS SECURITY CONSULTANTS, INC.","2207 Otis St Ne,Washington,DC 20018-3017",202 832-9653,Single Location,Active,True,2025-01-22T16:18:51.460232-05:00,Jenkins Security,05-RC-016607,False
JENKINS SECURITY CONSULTANTS,"1221 Division Ave Ne,Washington,DC 20019-5525",202 398-1225,Single Location,Active,True,2025-01-22T16:19:06.612812-05:00,Jenkins Security,05-RC-016607,False
"JENKINS SECURITY CONSULTANTS, INC.","2207 Otis St Ne,Washington,DC 20018-3017",202 832-9653,Single Location,Active,True,2025-01-22T16:19:59.046201-05:00,Jenkins Security,05-RC-016608,False
JENKINS SECURITY CONSULTANTS,"1221 Division Ave Ne,Washington,DC 20019-5525",202 398-1225,Single Location,Active,True,2025-01-22T16:20:14.173094-05:00,Jenkins Security,05-RC-016608,False
"HARBOR DE SNF MANAGEMENT, LLC","301 Ocean View Blvd,Lewes,DE 19958-1269",302 645-4664,Single Location,Active,True,2025-01-22T16:21:25.383275-05:00,Harbor rehab,05-RC-016610,False
UNO CHICAGO GRILL,"180 Spark St,Brockton,MA 02302-1621",508 580-1561,Single Location,Active,True,2025-01-22T16:27:51.842935-05:00,Uno,01-RC-121155,False
PIZZERIA UNO OF BROCKTON INC,"510 Westgate Dr,Brockton,MA 02301-1816",,Single Location,Active,True,2025-01-22T16:28:06.996026-05:00,Uno,01-RC-121155,False
URC LLC,"180 Spark St,Brockton,MA 02302-1621",617 218-5464,Branch,Active,True,2025-01-22T16:28:22.166260-05:00,Uno,01-RC-121155,False
UNO COMFORT,"1014 N Main St,Brockton,MA 02301-1535",508 427-4422,Single Location,Out Of Business,True,2025-01-22T16:28:37.346427-05:00,Uno,01-RC-121155,False
URC LLC,"510 Westgate Dr,Brockton,MA 02301-1816",508 580-0994,Single Location,Out Of Business,True,2025-01-22T16:28:52.564346-05:00,Uno,01-RC-121155,False
EMERA US HOLDINGS INC.,"970 Illinois Ave,Bangor,ME 04401-2722",,Single Location,Out Of Business,True,2025-01-22T16:29:44.905822-05:00,Emera,01-RC-121380,False
EMERA ENERGY SERVICES SUBSIDIARY NO. 1 LLC,"1 Cumberland Pl,Bangor,ME 04401-5083",207 945-4735,Single Location,Out Of Business,True,2025-01-22T16:30:00.119480-05:00,Emera,01-RC-121380,False
EF INTERNATIONAL SCHOOL ENGL,"202 Lake St,Brighton,MA 02135-3104",617 491-8223,Single Location,Out Of Business,True,2025-01-22T16:31:50.894322-05:00,EF International,01-RC-163220,False
NORTHEAST BEVERAGE CORP. OF CONNECTICUT,"119 Hopkins Hill Rd,West Greenwich,RI 02817-1709",401 822-6400,Headquarters,Active,True,2025-01-22T16:33:24.018012-05:00,Northeast beverage,01-RC-164821,False
"RID, INC.","119 Hopkins Hill Rd,West Greenwich,RI 02817-1709",401 822-6400,Single Location,Active,True,2025-01-22T16:33:39.225219-05:00,Northeast beverage,01-RC-164821,False
"RHODE ISLAND DISTRIBUTING COMPANY, LLC","119 Hopkins Hill Rd,West Greenwich,RI 02817-1709",401 822-6400,Single Location,Active,True,2025-01-22T16:33:54.389801-05:00,Northeast beverage,01-RC-164821,False
NORTHEAST BEVERAGE CORP. OF RHODE ISLAND,"119 Hopkins Hill Rd,West Greenwich,RI 02817-1709",,Single Location,Active,True,2025-01-22T16:34:09.518962-05:00,Northeast beverage,01-RC-164821,False
NORTHEAST BEVERAGE CORP. OF CONNECTICUT,"119 Hopkins Hill Rd,West Greenwich,RI 02817-1709",401 822-6400,Branch,Active,True,2025-01-22T16:34:24.682173-05:00,Northeast beverage,01-RC-164821,False
HORIZON BEVERAGE COMPANY OF RHODE ISLAND,"121 Hopkins Hill Rd,West Greenwich,RI 02817-1709",401 392-3580,Subsidiary,Active,True,2025-01-22T16:35:17.187486-05:00,Horizon beverage,01-RC-165744,False
WANG THEATRE INC,"270 Tremont St,Boston,MA 02116-5603",617 532-1261,Single Location,Active,True,2025-01-22T16:36:09.949639-05:00,Wang Theatre,01-RC-166997,False
FASTENAL COMPANY,"2001 Theurer Blvd,Winona,MN 55987-9902",507 454-5374,Headquarters,Active,True,2025-01-22T16:38:23.441384-05:00,Fastenal,01-RC-169786,False
FASTENAL COMPANY PURCHASING,"2001 Theurer Blvd,Winona,MN 55987-9902",507 454-5374,Subsidiary,Active,True,2025-01-22T16:38:38.596625-05:00,Fastenal,01-RC-169786,False
FASTENAL INTERNATIONAL HOLDINGS COMPANY,"2001 Theurer Blvd,Winona,MN 55987-1500",507 457-8250,Subsidiary,Active,True,2025-01-22T16:38:53.776395-05:00,Fastenal,01-RC-169786,False
"FASTENAL MEXICO, LLC","2001 Theurer Blvd,Winona,MN 55987-1500",,Subsidiary,Active,True,2025-01-22T16:39:08.936019-05:00,Fastenal,01-RC-169786,False
FASTENAL PANAMA S.A.,"2001 Theurer Blvd,Winona,MN 55987-1500",507 454-5374,Subsidiary,Active,True,2025-01-22T16:39:24.096313-05:00,Fastenal,01-RC-169786,False
"FASTENAL AIR FLEET, LLC","2001 Theurer Blvd,Winona,MN 55987-1500",507 454-5374,Subsidiary,Active,True,2025-01-22T16:39:39.322651-05:00,Fastenal,01-RC-169786,False
FASTENAL COMPANY LEASING,"2001 Theurer Blvd,Winona,MN 55987-1500",507 454-5374,Subsidiary,Active,True,2025-01-22T16:39:54.485592-05:00,Fastenal,01-RC-169786,False
FASTENAL INDUSTRIAL & CONSTRUCTION,"2001 Theurer Blvd,Winona,MN 55987-9902",507 453-8602,Single Location,Active,True,2025-01-22T16:40:09.655326-05:00,Fastenal,01-RC-169786,False
FASTENAL COMPANY,"3520 Pear St,Saint Joseph,MO 64503-1503",816 279-9800,Branch,Active,True,2025-01-22T16:40:24.820446-05:00,Fastenal,01-RC-169786,False
FASTENAL COMPANY PURCHASING,"4730 Service Dr,Winona,MN 55987-1301",507 454-5374,Branch,Active,True,2025-01-22T16:40:39.980381-05:00,Fastenal,01-RC-169786,False
"VITAL ENTERPRISES, INC.","1013 Main St,Worcester,MA 01603-2426",508 752-1116,Subsidiary,Active,True,2025-01-22T16:41:32.721853-05:00,Vital Enterprises,01-RC-172192,False
HNS PROPERTY MANAGEMENT LLC,"66 Eastview St,Hartford,CT 06114-2312",,Single Location,Active,True,2025-01-22T16:42:25.276344-05:00,HNS Management,01-RC-172404,False
IKEA MASSACHUSETTS LLC,"1 Ikea Way,Stoughton,MA 02072-1125",781 344-5158,Single Location,Active,True,2025-01-22T16:47:17.128457-05:00,Ikea,01-RC-176529,False
"THE BRIGHAM AND WOMEN'S HOSPITAL, INC.","301 S Huntington Ave,Jamaica Plain,MA 02130-4807",857 307-3300,Branch,Active,True,2025-01-22T16:48:50.579695-05:00,Brigham Hospital,01-RC-194462,False
BRIGHAM WOMAN S FAULKNER HOSPITAL,"891 Centre St,Jamaica Plain,MA 02130-2776",617 522-3305,Single Location,Out Of Business,True,2025-01-22T16:49:05.768335-05:00,Brigham Hospital,01-RC-194462,False
LECRENSKI BROTHERS INC,"289 Huntington Rd,Russell,MA 01071-9521",413 862-8080,Single Location,Active,True,2025-01-22T16:53:01.143488-05:00,lecrenski,01-RC-220168,False
"CDN-USA, INC.","57 Atlantic Pl,South Portland,ME 04106-2316",,Single Location,Out Of Business,True,2025-01-22T16:53:53.681367-05:00,Dragon products,01-RC-221171,False
"TRI-CITY FIRE PROTECTION, LLC","67 Meadowood Rd,Tolland,CT 06084-3922",860 836-8194,Single Location,Active,True,2025-01-22T16:54:46.189530-05:00,Tri-city fire,01-RC-222095,False
STEWARD ST. ANNE'S HOSPITAL CORPORATION,"795 Middle St,Fall River,MA 02721-1798",508 674-5600,Subsidiary,Active,True,2025-01-22T16:59:01.705799-05:00,Steward St. Anne's,01-RC-231247,False
STEWARD ST. ANNE'S HOSPITAL CORPORATION,"222 Milliken Blvd,Fall River,MA 02721-1623",508 674-7000,Branch,Active,True,2025-01-22T16:59:16.870738-05:00,Steward St. Anne's,01-RC-231247,False
YANKEE GAS SERVICES COMPANY,"107 Selden St,Berlin,CT 06037-1616",860 665-5000,Subsidiary,Active,True,2025-01-22T17:00:10.581618-05:00,Eversource,01-RC-231775,False
"EVERSOURCE ENERGY TRANSMISSION VENTURES, INC.","107 Selden St,Berlin,CT 06037-1616",860 728-4551,Subsidiary,Active,True,2025-01-22T17:00:25.734586-05:00,Eversource,01-RC-231775,False
"EVERSOURCE ENERGY LAND TRUST, INC.","107 Selden St,Berlin,CT 06037-1616",860 665-3341,Single Location,Active,True,2025-01-22T17:00:40.873695-05:00,Eversource,01-RC-231775,False
UNITED AMBULANCE,"192 Russell St,Lewiston,ME 04240-5498",207 777-6006,Single Location,Active,True,2025-01-22T17:03:54.416667-05:00,United ambulance,01-RC-234713,False
UNITED AMBULANCE - BRIDGTON,"Unknown: No Physical Address Available From Registry,Lewiston,ME 04243",,Single Location,Active,True,2025-01-22T17:04:09.585687-05:00,United ambulance,01-RC-234713,False
ST MARY'S GENERAL HOSPITAL (INC),"356 Sabattus St,Lewiston,ME 04240-5553",207 783-2266,Single Location,Out Of Business,True,2025-01-22T17:04:24.724550-05:00,United ambulance,01-RC-234713,False
FLIK INDEPENDENT SCHOOLS BY CHARTWELLS,"986 Forest Rd,New Haven,CT 06515-2501",,Single Location,Active,True,2025-01-22T17:06:18.432968-05:00,chartwells,01-RC-237370,False
CHARTWELLS,"700 Prospect St,New Haven,CT 06511-1224",203 773-8500,Single Location,Out Of Business,True,2025-01-22T17:06:33.613129-05:00,chartwells,01-RC-237370,False
